employee_id,base_salary,overtime_hours,overtime_pay,department,pay_date
1,53974.0,4,2511.0,Finance,2024-01-01
2,48894.0,7,1905.0,Tech,2024-01-02
3,55182.0,7,1713.0,Finance,2024-01-03
4,62184.0,2,1859.0,Ops,2024-01-04
5,48127.0,5,2290.0,Finance,2024-01-05
6,48127.0,6,2706.0,Finance,2024-01-06
7,62634.0,5,1686.0,HR,2024-01-07
8,56139.0,2,2049.0,HR,2024-01-08
9,46244.0,7,2169.0,HR,2024-01-09
10,54340.0,9,1504.0,Ops,2024-01-10
11,46293.0,6,2010.0,Finance,2024-01-11
12,46274.0,5,1267.0,HR,2024-01-12
13,51936.0,6,1115.0,HR,2024-01-13
14,34694.0,5,2183.0,HR,2024-01-14
15,36201.0,5,1808.0,Ops,2024-01-15
16,45502.0,5,2101.0,Ops,2024-01-16
17,41897.0,4,1991.0,Finance,2024-01-17
18,52514.0,8,1512.0,Finance,2024-01-18
19,42736.0,4,1977.0,Finance,2024-01-19
20,38702.0,5,1383.0,HR,2024-01-20
21,61725.0,3,2695.0,Tech,2024-01-21
22,48194.0,7,1322.0,Ops,2024-01-22
23,50540.0,2,1902.0,HR,2024-01-23
24,38602.0,5,1479.0,HR,2024-01-24
25,45645.0,10,2285.0,Finance,2024-01-25
26,50887.0,7,1834.0,Finance,2024-01-26
27,40792.0,7,1741.0,HR,2024-01-27
28,53006.0,10,2427.0,Ops,2024-01-28
29,45195.0,1,2015.0,Ops,2024-01-29
30,47666.0,5,2258.0,HR,2024-01-30
31,45186.0,3,1509.0,Tech,2024-01-31
32,64818.0,8,1298.0,Tech,2024-02-01
33,49892.0,7,2054.0,Ops,2024-02-02
34,41538.0,3,1841.0,Finance,2024-02-03
35,56580.0,1,2313.0,Tech,2024-02-04
36,40233.0,5,1960.0,Tech,2024-02-05
37,103342.0,18,10515.0,Finance,2024-02-06
38,68646.0,36,5940.0,Tech,2024-02-07
39,39375.0,3,2944.0,HR,2024-02-08
40,51575.0,4,1918.0,Tech,2024-02-09
41,55908.0,5,2349.0,Finance,2024-02-10
42,51371.0,8,1582.0,HR,2024-02-11
43,49075.0,7,2154.0,Tech,2024-02-12
44,47591.0,5,1349.0,Ops,2024-02-13
45,38172.0,4,2226.0,HR,2024-02-14
46,44241.0,6,1822.0,HR,2024-02-15
47,46315.0,8,2015.0,Ops,2024-02-16
48,58457.0,4,2349.0,Ops,2024-02-17
49,52749.0,3,1384.0,Tech,2024-02-18
50,35896.0,2,1658.0,Tech,2024-02-19
51,52593.0,3,2229.0,Finance,2024-02-20
52,46919.0,9,3049.0,Finance,2024-02-21
53,44585.0,5,1931.0,HR,2024-02-22
54,54893.0,4,2296.0,Ops,2024-02-23
55,58248.0,7,1947.0,Ops,2024-02-24
56,114900.0,48,14855.0,Finance,2024-02-25
57,43286.0,4,1126.0,HR,2024-02-26
58,47526.0,4,2047.0,HR,2024-02-27
59,52650.0,8,1187.0,Finance,2024-02-28
60,57804.0,5,747.0,Finance,2024-02-29
61,46167.0,5,2149.0,Finance,2024-03-01
62,48515.0,6,2070.0,Tech,2024-03-02
63,82298.0,42,9290.0,HR,2024-03-03
64,40430.0,2,1947.0,HR,2024-03-04
65,56500.0,1,3549.0,HR,2024-03-05
66,60850.0,7,1871.0,Finance,2024-03-06
67,49424.0,5,2255.0,Finance,2024-03-07
68,58028.0,4,1675.0,Finance,2024-03-08
69,52893.0,4,2148.0,Finance,2024-03-09
70,44839.0,3,1881.0,Ops,2024-03-10
71,52891.0,8,1795.0,Finance,2024-03-11
72,62304.0,7,2909.0,Tech,2024-03-12
73,49713.0,1,2589.0,Ops,2024-03-13
74,62517.0,2,2068.0,Ops,2024-03-14
75,29042.0,4,848.0,Finance,2024-03-15
76,56575.0,6,1819.0,HR,2024-03-16
77,50696.0,4,3352.0,Finance,2024-03-17
78,47608.0,6,1885.0,HR,2024-03-18
79,50734.0,8,2552.0,Finance,2024-03-19
80,34099.0,7,2721.0,Finance,2024-03-20
81,48243.0,5,2109.0,HR,2024-03-21
82,52857.0,2,1579.0,HR,2024-03-22
83,61823.0,1,782.0,HR,2024-03-23
84,45854.0,7,2342.0,HR,2024-03-24
85,43532.0,4,1593.0,Tech,2024-03-25
86,45986.0,1,2088.0,HR,2024-03-26
87,57323.0,6,1375.0,Finance,2024-03-27
88,52630.0,5,1867.0,Finance,2024-03-28
89,45762.0,8,2017.0,Tech,2024-03-29
90,54106.0,5,2134.0,HR,2024-03-30
91,50777.0,4,1443.0,Finance,2024-03-31
92,57749.0,10,2598.0,Tech,2024-04-01
93,44384.0,7,1702.0,Finance,2024-04-02
94,47379.0,4,1163.0,Tech,2024-04-03
95,46863.0,8,1945.0,Tech,2024-04-04
96,38292.0,5,2017.0,Ops,2024-04-05
97,52369.0,5,2080.0,Ops,2024-04-06
98,104176.0,30,13405.0,HR,2024-04-07
99,50041.0,2,1882.0,Ops,2024-04-08
100,96246.0,18,9700.0,Tech,2024-04-09
101,38677.0,4,1448.0,Finance,2024-04-10
102,46635.0,9,2410.0,Finance,2024-04-11
103,47258.0,0,2092.0,HR,2024-04-12
104,43582.0,5,1790.0,Ops,2024-04-13
105,48710.0,5,1048.0,HR,2024-04-14
106,53232.0,5,2722.0,Tech,2024-04-15
107,65089.0,5,1386.0,Ops,2024-04-16
108,51397.0,4,1704.0,HR,2024-04-17
109,52060.0,9,2179.0,Finance,2024-04-18
110,49404.0,6,1402.0,Finance,2024-04-19
111,34650.0,2,1253.0,HR,2024-04-20
112,49788.0,6,938.0,HR,2024-04-21
113,50482.0,6,2360.0,HR,2024-04-22
114,69706.0,6,1727.0,Tech,2024-04-23
115,48461.0,5,3464.0,Tech,2024-04-24
116,52412.0,2,1503.0,Finance,2024-04-25
117,49722.0,5,1539.0,Tech,2024-04-26
118,40651.0,3,1717.0,Tech,2024-04-27
119,59143.0,3,2122.0,Ops,2024-04-28
120,56015.0,3,1765.0,Tech,2024-04-29
121,56328.0,6,2306.0,Ops,2024-04-30
122,42725.0,6,1511.0,Tech,2024-05-01
123,61222.0,4,1309.0,Finance,2024-05-02
124,38785.0,5,1101.0,HR,2024-05-03
125,54695.0,5,888.0,Finance,2024-05-04
126,67524.0,7,1741.0,Tech,2024-05-05
127,84152.0,30,9250.0,HR,2024-05-06
128,45470.0,3,1684.0,HR,2024-05-07
129,50797.0,4,2622.0,HR,2024-05-08
130,45972.0,7,2614.0,Ops,2024-05-09
131,37595.0,5,1833.0,Finance,2024-05-10
132,50549.0,7,1103.0,Ops,2024-05-11
133,41502.0,8,1717.0,HR,2024-05-12
134,53789.0,7,1700.0,Finance,2024-05-13
135,42645.0,5,1671.0,Finance,2024-05-14
136,62399.0,8,1651.0,Tech,2024-05-15
137,43734.0,4,1673.0,Ops,2024-05-16
138,47424.0,6,1807.0,Ops,2024-05-17
139,113016.0,48,8410.0,Tech,2024-05-18
140,40153.0,6,2104.0,Ops,2024-05-19
141,51820.0,3,2180.0,HR,2024-05-20
142,60457.0,8,1545.0,HR,2024-05-21
143,37140.0,4,2636.0,Ops,2024-05-22
144,51477.0,7,1510.0,Tech,2024-05-23
145,52079.0,2,1191.0,Finance,2024-05-24
146,56255.0,10,2190.0,Ops,2024-05-25
147,40104.0,6,1591.0,Finance,2024-05-26
148,39436.0,4,2161.0,Tech,2024-05-27
149,54176.0,5,798.0,Finance,2024-05-28
150,52376.0,6,2696.0,Tech,2024-05-29
151,52004.0,4,2336.0,Tech,2024-05-30
152,52772.0,5,1250.0,HR,2024-05-31
153,89120.0,36,6305.0,HR,2024-06-01
154,51858.0,3,2836.0,Tech,2024-06-02
155,52345.0,7,1631.0,Ops,2024-06-03
156,44285.0,7,1583.0,HR,2024-06-04
157,64926.0,8,867.0,Tech,2024-06-05
158,53791.0,4,1825.0,Finance,2024-06-06
159,40470.0,7,1886.0,Finance,2024-06-07
160,55252.0,3,2358.0,Ops,2024-06-08
161,42203.0,4,1300.0,Finance,2024-06-09
162,56297.0,4,1240.0,Finance,2024-06-10
163,59269.0,0,2225.0,Tech,2024-06-11
164,43435.0,1,2503.0,Finance,2024-06-12
165,57707.0,1,1214.0,Finance,2024-06-13
166,53302.0,7,2541.0,Finance,2024-06-14
167,56576.0,5,2019.0,Finance,2024-06-15
168,65174.0,5,2546.0,Tech,2024-06-16
169,48037.0,8,1965.0,Finance,2024-06-17
170,43970.0,3,739.0,Ops,2024-06-18
171,42884.0,5,1924.0,HR,2024-06-19
172,43474.0,3,2530.0,Ops,2024-06-20
173,49383.0,5,1553.0,HR,2024-06-21
174,52729.0,1,1806.0,Ops,2024-06-22
175,52214.0,7,1912.0,HR,2024-06-23
176,56617.0,2,550.0,HR,2024-06-24
177,100208.0,24,14180.0,HR,2024-06-25
178,61628.0,6,1549.0,HR,2024-06-26
179,47883.0,7,2253.0,Tech,2024-06-27
180,71761.0,9,1957.0,Ops,2024-06-28
181,55005.0,4,2629.0,HR,2024-06-29
182,43143.0,1,2203.0,Ops,2024-06-30
183,82866.0,24,9415.0,Finance,2024-07-01
184,107720.0,36,7765.0,HR,2024-07-02
185,48212.0,3,2399.0,Ops,2024-07-03
186,55712.0,4,1063.0,Tech,2024-07-04
187,53786.0,2,2323.0,Ops,2024-07-05
188,49417.0,6,1450.0,HR,2024-07-06
189,86452.0,48,13130.0,Finance,2024-07-07
190,75762.0,42,10405.0,Ops,2024-07-08
191,46428.0,2,2322.0,Finance,2024-07-09
192,113702.0,36,10205.0,Tech,2024-07-10
193,51713.0,9,1124.0,Ops,2024-07-11
194,40034.0,3,1570.0,Ops,2024-07-12
195,51385.0,8,2336.0,Tech,2024-07-13
196,53083.0,7,2083.0,Tech,2024-07-14
197,42929.0,6,2590.0,Tech,2024-07-15
198,102460.0,60,11010.0,HR,2024-07-16
199,50466.0,5,1517.0,HR,2024-07-17
200,40856.0,5,1602.0,Ops,2024-07-18
201,52862.0,5,2051.0,Ops,2024-07-19
202,54486.0,5,843.0,Ops,2024-07-20
203,58664.0,4,2837.0,Finance,2024-07-21
204,58430.0,10,2221.0,Tech,2024-07-22
205,38979.0,3,2614.0,Ops,2024-07-23
206,42497.0,2,1210.0,Tech,2024-07-24
207,54120.0,6,2622.0,HR,2024-07-25
208,54110.0,4,3116.0,Tech,2024-07-26
209,54120.0,4,1340.0,Finance,2024-07-27
210,80822.0,8,2386.0,Finance,2024-07-28
211,54567.0,5,2001.0,Tech,2024-07-29
212,59085.0,4,1228.0,Finance,2024-07-30
213,57632.0,7,2246.0,Finance,2024-07-31
214,55211.0,4,2417.0,HR,2024-08-01
215,47478.0,2,1699.0,Ops,2024-08-02
216,56072.0,2,2583.0,Finance,2024-08-03
217,43817.0,3,1167.0,Ops,2024-08-04
218,48105.0,3,1253.0,Tech,2024-08-05
219,46117.0,8,2068.0,Tech,2024-08-06
220,50655.0,6,2013.0,Finance,2024-08-07
221,68517.0,0,1642.0,Tech,2024-08-08
222,35062.0,8,2405.0,HR,2024-08-09
223,55490.0,5,2265.0,Finance,2024-08-10
224,37098.0,4,2429.0,Finance,2024-08-11
225,46225.0,5,1938.0,Finance,2024-08-12
226,58712.0,7,2301.0,Tech,2024-08-13
227,50514.0,6,1777.0,Tech,2024-08-14
228,41378.0,3,3027.0,Finance,2024-08-15
229,44278.0,4,1594.0,Ops,2024-08-16
230,55437.0,2,3053.0,Tech,2024-08-17
231,44157.0,4,2017.0,Tech,2024-08-18
232,51732.0,1,1312.0,Finance,2024-08-19
233,50365.0,9,2684.0,Ops,2024-08-20
234,44787.0,3,2063.0,Finance,2024-08-21
235,67152.0,1,2426.0,Tech,2024-08-22
236,55071.0,5,2612.0,Finance,2024-08-23
237,33799.0,4,2169.0,Finance,2024-08-24
238,51492.0,6,1704.0,Finance,2024-08-25
239,44706.0,5,2488.0,Ops,2024-08-26
240,56819.0,8,2000.0,Finance,2024-08-27
241,43660.0,5,2343.0,Tech,2024-08-28
242,49082.0,7,923.0,Finance,2024-08-29
243,54040.0,4,2223.0,Ops,2024-08-30
244,113852.0,6,8405.0,HR,2024-08-31
245,80796.0,30,14135.0,Ops,2024-09-01
246,47324.0,4,2312.0,Finance,2024-09-02
247,46200.0,3,2120.0,HR,2024-09-03
248,44773.0,2,2243.0,Finance,2024-09-04
249,64124.0,12,1501.0,Ops,2024-09-05
250,106480.0,30,14060.0,HR,2024-09-06
251,39913.0,10,2996.0,HR,2024-09-07
252,57343.0,6,2196.0,Finance,2024-09-08
253,66977.0,1,2795.0,Finance,2024-09-09
254,58260.0,6,1715.0,Ops,2024-09-10
255,37845.0,2,1601.0,Finance,2024-09-11
256,46126.0,4,2020.0,HR,2024-09-12
257,60135.0,5,2217.0,Tech,2024-09-13
258,44339.0,8,1803.0,Tech,2024-09-14
259,53551.0,4,2269.0,Ops,2024-09-15
260,56197.0,2,2153.0,Finance,2024-09-16
261,42585.0,1,1501.0,Ops,2024-09-17
262,49524.0,8,2259.0,Tech,2024-09-18
263,24070.0,8,2432.0,Tech,2024-09-19
264,41805.0,4,2086.0,Finance,2024-09-20
265,47979.0,1,2576.0,HR,2024-09-21
266,40018.0,9,1391.0,Finance,2024-09-22
267,63059.0,4,2234.0,Tech,2024-09-23
268,38559.0,2,1415.0,HR,2024-09-24
269,46480.0,4,1443.0,Ops,2024-09-25
270,51046.0,3,1685.0,Tech,2024-09-26
271,61530.0,8,1529.0,Ops,2024-09-27
272,38513.0,9,1726.0,HR,2024-09-28
273,59305.0,4,1893.0,Ops,2024-09-29
274,50082.0,4,2419.0,Tech,2024-09-30
275,42148.0,5,1839.0,Finance,2024-10-01
276,53697.0,11,1207.0,Ops,2024-10-02
277,51592.0,8,2570.0,Tech,2024-10-03
278,45198.0,6,1581.0,Tech,2024-10-04
279,50558.0,2,1971.0,HR,2024-10-05
280,46917.0,8,2223.0,Tech,2024-10-06
281,101816.0,42,10500.0,Finance,2024-10-07
282,55297.0,6,2547.0,Finance,2024-10-08
283,125376.0,30,11200.0,Ops,2024-10-09
284,40097.0,3,1569.0,Ops,2024-10-10
285,67064.0,5,3089.0,Ops,2024-10-11
286,34383.0,3,2097.0,Ops,2024-10-12
287,48786.0,3,1926.0,Finance,2024-10-13
288,54707.0,7,2482.0,HR,2024-10-14
289,52248.0,4,2125.0,Ops,2024-10-15
290,45018.0,4,2200.0,HR,2024-10-16
291,48335.0,6,3246.0,Tech,2024-10-17
292,46056.0,6,1862.0,Tech,2024-10-18
293,45285.0,3,1841.0,Ops,2024-10-19
294,56797.0,4,2058.0,Tech,2024-10-20
295,52856.0,6,2536.0,HR,2024-10-21
296,44457.0,6,1247.0,HR,2024-10-22
297,57197.0,6,1017.0,Tech,2024-10-23
298,52458.0,6,1706.0,Ops,2024-10-24
299,113006.0,18,5915.0,HR,2024-10-25
300,55037.0,5,1788.0,HR,2024-10-26
301,43368.0,2,2251.0,Finance,2024-10-27
302,45519.0,5,1555.0,Ops,2024-10-28
303,55978.0,3,1287.0,Finance,2024-10-29
304,54883.0,3,2035.0,Tech,2024-10-30
305,49833.0,5,2431.0,Tech,2024-10-31
306,50939.0,11,1153.0,Finance,2024-11-01
307,60221.0,7,2410.0,Ops,2024-11-02
308,45267.0,7,2409.0,HR,2024-11-03
309,54377.0,4,2477.0,Tech,2024-11-04
310,48382.0,1,2609.0,Ops,2024-11-05
311,48259.0,4,3101.0,Ops,2024-11-06
312,58790.0,5,1822.0,Tech,2024-11-07
313,56603.0,4,2055.0,Tech,2024-11-08
314,56508.0,4,1792.0,Ops,2024-11-09
315,60444.0,7,2001.0,HR,2024-11-10
316,50168.0,6,2766.0,Finance,2024-11-11
317,55456.0,8,1327.0,Tech,2024-11-12
318,47518.0,4,1569.0,Finance,2024-11-13
319,52593.0,3,2689.0,Ops,2024-11-14
320,48959.0,0,2510.0,Finance,2024-11-15
321,50776.0,4,1818.0,HR,2024-11-16
322,54761.0,1,2427.0,Ops,2024-11-17
323,43454.0,4,2171.0,HR,2024-11-18
324,66739.0,3,2750.0,Ops,2024-11-19
325,41952.0,5,2037.0,HR,2024-11-20
326,40286.0,6,2513.0,Ops,2024-11-21
327,59265.0,6,3321.0,HR,2024-11-22
328,56333.0,4,2299.0,Ops,2024-11-23
329,54993.0,4,2025.0,HR,2024-11-24
330,55027.0,5,2361.0,Ops,2024-11-25
331,99804.0,6,9085.0,HR,2024-11-26
332,85644.0,54,15970.0,Tech,2024-11-27
333,101212.0,42,10450.0,Finance,2024-11-28
334,44583.0,5,1864.0,Ops,2024-11-29
335,115602.0,24,7910.0,HR,2024-11-30
336,48824.0,5,2549.0,Tech,2024-12-01
337,43396.0,4,2434.0,Ops,2024-12-02
338,47429.0,1,1751.0,Ops,2024-12-03
339,53303.0,3,2288.0,Ops,2024-12-04
340,45490.0,7,1246.0,Finance,2024-12-05
341,43422.0,6,2092.0,HR,2024-12-06
342,51949.0,10,2226.0,HR,2024-12-07
343,51960.0,4,2854.0,Ops,2024-12-08
344,45944.0,5,1615.0,Ops,2024-12-09
345,46232.0,6,1361.0,Ops,2024-12-10
346,51856.0,6,1552.0,Tech,2024-12-11
347,38415.0,8,1332.0,Ops,2024-12-12
348,38740.0,4,2668.0,Finance,2024-12-13
349,44252.0,3,2774.0,HR,2024-12-14
350,48292.0,3,2160.0,Finance,2024-12-15
351,52487.0,9,2611.0,Ops,2024-12-16
352,61803.0,7,2067.0,Tech,2024-12-17
353,56861.0,2,1952.0,Ops,2024-12-18
354,97440.0,12,9165.0,Ops,2024-12-19
355,49848.0,4,1845.0,Ops,2024-12-20
356,41980.0,6,1226.0,Ops,2024-12-21
357,49852.0,9,2132.0,Ops,2024-12-22
358,47691.0,11,1980.0,HR,2024-12-23
359,52582.0,4,2373.0,Finance,2024-12-24
360,43382.0,7,2047.0,Tech,2024-12-25
361,54155.0,7,1919.0,Ops,2024-12-26
362,62262.0,3,1564.0,Tech,2024-12-27
363,49130.0,7,2036.0,HR,2024-12-28
364,53214.0,5,2369.0,Finance,2024-12-29
365,55521.0,2,1428.0,Ops,2024-12-30
366,46790.0,9,2044.0,HR,2024-12-31
367,51793.0,6,2117.0,HR,2025-01-01
368,50101.0,3,1641.0,Finance,2025-01-02
369,50781.0,6,1706.0,Ops,2025-01-03
370,43816.0,3,2115.0,Finance,2025-01-04
371,50196.0,2,1433.0,Finance,2025-01-05
372,53984.0,8,2175.0,Tech,2025-01-06
373,61609.0,4,1552.0,Tech,2025-01-07
374,57674.0,5,2531.0,Finance,2025-01-08
375,134450.0,24,15845.0,Tech,2025-01-09
376,43861.0,3,1570.0,HR,2025-01-10
377,56979.0,4,2267.0,Finance,2025-01-11
378,51467.0,3,1637.0,Ops,2025-01-12
379,67518.0,11,2520.0,Ops,2025-01-13
380,43534.0,6,1367.0,HR,2025-01-14
381,43282.0,5,2240.0,Ops,2025-01-15
382,45205.0,5,1564.0,Ops,2025-01-16
383,33009.0,5,1897.0,Finance,2025-01-17
384,45794.0,3,1484.0,HR,2025-01-18
385,43927.0,6,2411.0,Finance,2025-01-19
386,51203.0,4,1582.0,HR,2025-01-20
387,52734.0,5,2276.0,Finance,2025-01-21
388,130018.0,18,9140.0,Finance,2025-01-22
389,57603.0,7,1943.0,Tech,2025-01-23
390,45385.0,3,2074.0,Ops,2025-01-24
391,42813.0,6,1619.0,HR,2025-01-25
392,53935.0,7,2105.0,Ops,2025-01-26
393,39438.0,1,2765.0,Tech,2025-01-27
394,64652.0,6,1611.0,HR,2025-01-28
395,59436.0,4,2586.0,Tech,2025-01-29
396,46247.0,2,2749.0,Ops,2025-01-30
397,36295.0,2,1592.0,Finance,2025-01-31
398,60831.0,5,1272.0,Tech,2025-02-01
399,49084.0,5,2151.0,Tech,2025-02-02
400,59903.0,3,1726.0,Finance,2025-02-03
401,37245.0,5,2934.0,Ops,2025-02-04
402,45205.0,11,2017.0,Tech,2025-02-05
403,50042.0,2,1599.0,Ops,2025-02-06
404,50376.0,6,1426.0,Finance,2025-02-07
405,46399.0,5,2545.0,HR,2025-02-08
406,54983.0,3,1714.0,Tech,2025-02-09
407,41459.0,4,2022.0,Ops,2025-02-10
408,48861.0,10,2478.0,Finance,2025-02-11
409,50962.0,1,1758.0,Finance,2025-02-12
410,54116.0,8,1977.0,Tech,2025-02-13
411,55693.0,3,1992.0,HR,2025-02-14
412,41003.0,5,2342.0,Tech,2025-02-15
413,37727.0,4,2295.0,Ops,2025-02-16
414,60221.0,11,1890.0,Finance,2025-02-17
415,52659.0,3,2032.0,HR,2025-02-18
416,44012.0,4,1814.0,Ops,2025-02-19
417,62409.0,3,1261.0,Tech,2025-02-20
418,50925.0,3,2129.0,Finance,2025-02-21
419,59434.0,8,2946.0,Tech,2025-02-22
420,50540.0,1,1558.0,HR,2025-02-23
421,66486.0,5,1613.0,HR,2025-02-24
422,64043.0,7,1565.0,HR,2025-02-25
423,48008.0,3,2362.0,HR,2025-02-26
424,57773.0,7,2224.0,HR,2025-02-27
425,55163.0,5,1921.0,Tech,2025-02-28
426,60949.0,7,1541.0,HR,2025-03-01
427,42281.0,5,2046.0,HR,2025-03-02
428,55488.0,7,1218.0,Finance,2025-03-03
429,58467.0,5,2072.0,HR,2025-03-04
430,35930.0,4,2436.0,Finance,2025-03-05
431,40534.0,5,1374.0,Finance,2025-03-06
432,33686.0,11,1234.0,Finance,2025-03-07
433,47845.0,7,2790.0,Tech,2025-03-08
434,55740.0,6,1694.0,Tech,2025-03-09
435,62019.0,3,2568.0,Ops,2025-03-10
436,50593.0,0,1923.0,Ops,2025-03-11
437,63029.0,10,1919.0,Finance,2025-03-12
438,38959.0,5,2219.0,Tech,2025-03-13
439,36373.0,5,1558.0,HR,2025-03-14
440,49556.0,3,2066.0,Ops,2025-03-15
441,53073.0,4,1809.0,Tech,2025-03-16
442,49738.0,2,1340.0,HR,2025-03-17
443,33460.0,2,2169.0,HR,2025-03-18
444,49287.0,7,1868.0,Tech,2025-03-19
445,39564.0,3,1921.0,Ops,2025-03-20
446,55357.0,1,1395.0,Tech,2025-03-21
447,52933.0,3,2796.0,Ops,2025-03-22
448,84962.0,42,12190.0,Finance,2025-03-23
449,45889.0,5,2482.0,Tech,2025-03-24
450,41526.0,5,1847.0,Tech,2025-03-25
451,49499.0,4,1135.0,Ops,2025-03-26
452,57641.0,5,2976.0,Ops,2025-03-27
453,42114.0,5,1969.0,Tech,2025-03-28
454,54032.0,3,1626.0,HR,2025-03-29
455,45758.0,3,2208.0,HR,2025-03-30
456,43657.0,6,2584.0,HR,2025-03-31
457,49144.0,6,1988.0,Finance,2025-04-01
458,41718.0,4,2639.0,Finance,2025-04-02
459,45571.0,9,2541.0,Ops,2025-04-03
460,40417.0,6,1462.0,Finance,2025-04-04
461,65718.0,5,1663.0,HR,2025-04-05
462,50282.0,5,2479.0,Tech,2025-04-06
463,44402.0,4,644.0,Finance,2025-04-07
464,51712.0,10,1925.0,Finance,2025-04-08
465,49101.0,6,1285.0,HR,2025-04-09
466,48232.0,2,1762.0,Finance,2025-04-10
467,54913.0,4,1851.0,Ops,2025-04-11
468,112120.0,18,9105.0,Tech,2025-04-12
469,45756.0,2,1724.0,HR,2025-04-13
470,45393.0,5,1451.0,Ops,2025-04-14
471,47800.0,6,3146.0,HR,2025-04-15
472,31585.0,5,2934.0,Ops,2025-04-16
473,75756.0,60,7095.0,Tech,2025-04-17
474,60935.0,5,2791.0,Tech,2025-04-18
475,63160.0,5,1800.0,Ops,2025-04-19
476,48008.0,4,2065.0,Ops,2025-04-20
477,54612.0,4,1968.0,Ops,2025-04-21
478,52490.0,3,1670.0,Ops,2025-04-22
479,74631.0,6,2492.0,Ops,2025-04-23
480,58957.0,4,2063.0,Ops,2025-04-24
481,48977.0,2,1762.0,Tech,2025-04-25
482,42356.0,9,1348.0,Ops,2025-04-26
483,37148.0,5,1553.0,Finance,2025-04-27
484,51628.0,9,1179.0,Tech,2025-04-28
485,43949.0,5,2006.0,HR,2025-04-29
486,38622.0,5,1402.0,Tech,2025-04-30
487,44827.0,1,1867.0,HR,2025-05-01
488,41348.0,5,2685.0,HR,2025-05-02
489,63497.0,8,2600.0,Finance,2025-05-03
490,57053.0,6,1984.0,Ops,2025-05-04
491,49936.0,2,1956.0,Ops,2025-05-05
492,61840.0,5,2940.0,Tech,2025-05-06
493,50619.0,5,2260.0,Ops,2025-05-07
494,43110.0,4,1836.0,Finance,2025-05-08
495,62185.0,6,1287.0,Tech,2025-05-09
496,108622.0,30,10985.0,Tech,2025-05-10
497,41702.0,6,2415.0,Tech,2025-05-11
498,48477.0,5,1684.0,Ops,2025-05-12
499,42995.0,4,2146.0,Ops,2025-05-13
500,38938.0,7,1818.0,Ops,2025-05-14
501,57409.0,5,1908.0,Tech,2025-05-15
502,65275.0,7,756.0,Tech,2025-05-16
503,38811.0,6,1889.0,HR,2025-05-17
504,54504.0,4,2485.0,HR,2025-05-18
505,44795.0,8,1684.0,Ops,2025-05-19
506,46103.0,4,2026.0,Tech,2025-05-20
507,45261.0,3,1622.0,Ops,2025-05-21
508,43088.0,5,2180.0,Ops,2025-05-22
509,50388.0,10,1892.0,HR,2025-05-23
510,43352.0,6,1530.0,Finance,2025-05-24
511,52164.0,4,2666.0,Ops,2025-05-25
512,49598.0,3,2464.0,Finance,2025-05-26
513,48088.0,3,1698.0,Finance,2025-05-27
514,42739.0,5,2249.0,Tech,2025-05-28
515,45386.0,2,2269.0,Tech,2025-05-29
516,56043.0,6,2321.0,Ops,2025-05-30
517,54007.0,2,1153.0,HR,2025-05-31
518,42180.0,5,2503.0,HR,2025-06-01
519,50795.0,2,1715.0,Ops,2025-06-02
520,56011.0,6,1821.0,Ops,2025-06-03
521,36645.0,3,3319.0,HR,2025-06-04
522,54347.0,5,2151.0,Finance,2025-06-05
523,44699.0,2,1807.0,Ops,2025-06-06
524,54565.0,6,897.0,Finance,2025-06-07
525,43894.0,6,2695.0,Ops,2025-06-08
526,35561.0,7,1327.0,Ops,2025-06-09
527,36980.0,6,1498.0,Finance,2025-06-10
528,50385.0,6,1834.0,Finance,2025-06-11
529,52078.0,4,2708.0,HR,2025-06-12
530,42765.0,4,2387.0,Ops,2025-06-13
531,55109.0,7,1921.0,Tech,2025-06-14
532,36708.0,5,2154.0,Tech,2025-06-15
533,49471.0,5,1700.0,Ops,2025-06-16
534,40312.0,8,2070.0,Ops,2025-06-17
535,44785.0,4,2037.0,Ops,2025-06-18
536,50379.0,2,2484.0,Finance,2025-06-19
537,43117.0,3,2484.0,Tech,2025-06-20
538,46924.0,4,2247.0,Tech,2025-06-21
539,58050.0,6,1819.0,Tech,2025-06-22
540,45385.0,9,2371.0,Ops,2025-06-23
541,56686.0,3,1954.0,Finance,2025-06-24
542,40962.0,5,1459.0,Ops,2025-06-25
543,54238.0,3,1798.0,HR,2025-06-26
544,61533.0,2,2042.0,HR,2025-06-27
545,30227.0,4,2455.0,Tech,2025-06-28
546,43625.0,9,1908.0,Ops,2025-06-29
547,54617.0,4,1395.0,HR,2025-06-30
548,48376.0,5,2028.0,HR,2025-07-01
549,52969.0,8,2057.0,Ops,2025-07-02
550,45168.0,8,2093.0,Finance,2025-07-03
551,50693.0,5,2460.0,Ops,2025-07-04
552,48755.0,3,2509.0,Ops,2025-07-05
553,59342.0,9,1703.0,Finance,2025-07-06
554,52035.0,2,1692.0,Tech,2025-07-07
555,52701.0,8,1480.0,Tech,2025-07-08
556,46705.0,7,2349.0,Tech,2025-07-09
557,46099.0,6,2724.0,Finance,2025-07-10
558,93080.0,54,9210.0,HR,2025-07-11
559,53156.0,3,1879.0,Finance,2025-07-12
560,46632.0,6,2733.0,Ops,2025-07-13
561,52318.0,7,2253.0,Finance,2025-07-14
562,66603.0,7,2218.0,HR,2025-07-15
563,56969.0,5,1405.0,HR,2025-07-16
564,47392.0,5,2339.0,Ops,2025-07-17
565,59610.0,1,1535.0,Tech,2025-07-18
566,46735.0,7,1433.0,HR,2025-07-19
567,33695.0,4,1827.0,HR,2025-07-20
568,41935.0,7,1707.0,HR,2025-07-21
569,35034.0,5,1889.0,Ops,2025-07-22
570,47188.0,5,1280.0,HR,2025-07-23
571,50147.0,3,2479.0,Tech,2025-07-24
572,63411.0,5,2564.0,Ops,2025-07-25
573,52615.0,5,1026.0,Tech,2025-07-26
574,48247.0,4,2489.0,HR,2025-07-27
575,56635.0,3,1595.0,HR,2025-07-28
576,32311.0,3,2428.0,Tech,2025-07-29
577,51885.0,5,1966.0,Ops,2025-07-30
578,56167.0,10,2014.0,Ops,2025-07-31
579,38171.0,2,1907.0,Tech,2025-08-01
580,59150.0,5,2606.0,HR,2025-08-02
581,52708.0,3,1380.0,Finance,2025-08-03
582,46678.0,4,2304.0,Tech,2025-08-04
583,55062.0,6,2551.0,Tech,2025-08-05
584,68166.0,3,2358.0,Tech,2025-08-06
585,51455.0,4,3162.0,HR,2025-08-07
586,51986.0,4,1736.0,Ops,2025-08-08
587,46325.0,5,2479.0,HR,2025-08-09
588,43201.0,8,1947.0,Tech,2025-08-10
589,56643.0,5,2617.0,HR,2025-08-11
590,43151.0,6,1996.0,HR,2025-08-12
591,50573.0,3,1806.0,Tech,2025-08-13
592,46179.0,4,2653.0,HR,2025-08-14
593,53832.0,5,1754.0,Finance,2025-08-15
594,105338.0,36,6470.0,HR,2025-08-16
595,58300.0,7,1742.0,HR,2025-08-17
596,45920.0,5,2310.0,Ops,2025-08-18
597,47841.0,2,2696.0,Ops,2025-08-19
598,42170.0,6,2056.0,Tech,2025-08-20
599,46446.0,4,2659.0,Tech,2025-08-21
600,53018.0,2,1321.0,Ops,2025-08-22
601,56056.0,4,1778.0,Finance,2025-08-23
602,42623.0,2,1856.0,HR,2025-08-24
603,56957.0,3,1943.0,Finance,2025-08-25
604,60845.0,4,2042.0,Finance,2025-08-26
605,53307.0,7,2345.0,Ops,2025-08-27
606,65014.0,5,1778.0,Tech,2025-08-28
607,43810.0,5,2070.0,HR,2025-08-29
608,40043.0,7,1977.0,Tech,2025-08-30
609,35770.0,9,1537.0,Finance,2025-08-31
610,61968.0,7,1943.0,Finance,2025-09-01
611,55235.0,6,1928.0,Tech,2025-09-02
612,49555.0,6,1917.0,Tech,2025-09-03
613,52240.0,9,2016.0,Ops,2025-09-04
614,40996.0,2,2038.0,Tech,2025-09-05
615,69566.0,3,1784.0,Tech,2025-09-06
616,51034.0,9,2636.0,Ops,2025-09-07
617,50875.0,3,1415.0,Tech,2025-09-08
618,55806.0,8,1640.0,Finance,2025-09-09
619,53848.0,5,3390.0,Tech,2025-09-10
620,51791.0,4,1481.0,HR,2025-09-11
621,43676.0,9,1323.0,Finance,2025-09-12
622,53772.0,2,2367.0,Ops,2025-09-13
623,65056.0,5,961.0,Finance,2025-09-14
624,60763.0,10,1882.0,Ops,2025-09-15
625,62745.0,5,3073.0,HR,2025-09-16
626,45910.0,4,1228.0,HR,2025-09-17
627,42083.0,7,1009.0,Finance,2025-09-18
628,48994.0,3,1250.0,Tech,2025-09-19
629,50446.0,6,2449.0,Finance,2025-09-20
630,58754.0,3,2562.0,Finance,2025-09-21
631,36460.0,3,1744.0,HR,2025-09-22
632,62236.0,4,2342.0,Ops,2025-09-23
633,48736.0,1,2695.0,Finance,2025-09-24
634,46585.0,2,2894.0,Tech,2025-09-25
635,41903.0,4,1877.0,HR,2025-09-26
636,36761.0,5,849.0,Finance,2025-09-27
637,56585.0,8,1590.0,Finance,2025-09-28
638,50587.0,7,1787.0,Tech,2025-09-29
639,79360.0,42,9355.0,Finance,2025-09-30
640,39639.0,2,1906.0,Finance,2025-10-01
641,47314.0,6,2559.0,Finance,2025-10-02
642,63352.0,8,2637.0,Finance,2025-10-03
643,47923.0,6,1914.0,Tech,2025-10-04
644,37975.0,4,2549.0,Finance,2025-10-05
645,48034.0,4,2179.0,Finance,2025-10-06
646,47818.0,4,2032.0,Finance,2025-10-07
647,28425.0,1,2453.0,HR,2025-10-08
648,49566.0,6,2036.0,Tech,2025-10-09
649,48153.0,8,3029.0,HR,2025-10-10
650,55570.0,7,1281.0,HR,2025-10-11
651,64792.0,7,1742.0,Tech,2025-10-12
652,59013.0,6,1937.0,HR,2025-10-13
653,47849.0,6,2220.0,HR,2025-10-14
654,41148.0,4,2634.0,HR,2025-10-15
655,70587.0,3,1988.0,Tech,2025-10-16
656,50474.0,6,1289.0,Finance,2025-10-17
657,50111.0,3,2421.0,Ops,2025-10-18
658,49807.0,10,2377.0,Ops,2025-10-19
659,51585.0,5,1029.0,Tech,2025-10-20
660,97690.0,36,9990.0,Ops,2025-10-21
661,45411.0,6,1205.0,Tech,2025-10-22
662,45625.0,4,1668.0,Tech,2025-10-23
663,49738.0,6,1549.0,Ops,2025-10-24
664,45653.0,5,2405.0,HR,2025-10-25
665,44297.0,3,2058.0,Finance,2025-10-26
666,50851.0,2,1357.0,Ops,2025-10-27
667,47960.0,3,2440.0,Ops,2025-10-28
668,62032.0,2,1283.0,Ops,2025-10-29
669,28792.0,8,2165.0,Ops,2025-10-30
670,58732.0,7,1593.0,Tech,2025-10-31
671,59969.0,4,1817.0,Tech,2025-11-01
672,33413.0,3,2252.0,Finance,2025-11-02
673,47258.0,3,2261.0,Finance,2025-11-03
674,47028.0,6,2668.0,Ops,2025-11-04
675,38740.0,5,1959.0,Ops,2025-11-05
676,43777.0,1,2153.0,Ops,2025-11-06
677,41115.0,8,1781.0,Finance,2025-11-07
678,64018.0,9,2091.0,Ops,2025-11-08
679,57485.0,4,2220.0,HR,2025-11-09
680,60172.0,7,1951.0,Finance,2025-11-10
681,55773.0,3,1098.0,HR,2025-11-11
682,40968.0,7,2166.0,Ops,2025-11-12
683,45804.0,5,2182.0,Tech,2025-11-13
684,53915.0,6,1660.0,HR,2025-11-14
685,40223.0,8,1358.0,Finance,2025-11-15
686,55704.0,2,2738.0,HR,2025-11-16
687,48077.0,4,2246.0,Finance,2025-11-17
688,47001.0,9,1885.0,Ops,2025-11-18
689,111376.0,24,7155.0,HR,2025-11-19
690,53554.0,4,1589.0,Tech,2025-11-20
691,47112.0,3,2651.0,HR,2025-11-21
692,59275.0,4,2069.0,Tech,2025-11-22
693,41351.0,4,1725.0,Finance,2025-11-23
694,54927.0,6,2255.0,Ops,2025-11-24
695,54745.0,7,1593.0,Ops,2025-11-25
696,47524.0,3,2750.0,Tech,2025-11-26
697,52609.0,6,2676.0,Finance,2025-11-27
698,39991.0,8,1767.0,Ops,2025-11-28
699,57392.0,7,1686.0,Finance,2025-11-29
700,48521.0,3,691.0,Tech,2025-11-30
701,45818.0,4,1259.0,Tech,2025-12-01
702,58392.0,6,1330.0,HR,2025-12-02
703,44365.0,8,2068.0,Ops,2025-12-03
704,38732.0,3,1837.0,Ops,2025-12-04
705,37547.0,4,1327.0,HR,2025-12-05
706,54848.0,3,1859.0,Tech,2025-12-06
707,39757.0,8,2253.0,Tech,2025-12-07
708,64038.0,1,2264.0,Tech,2025-12-08
709,33345.0,3,1050.0,Tech,2025-12-09
710,63572.0,7,1936.0,Finance,2025-12-10
711,51688.0,5,1308.0,Ops,2025-12-11
712,98452.0,54,12255.0,Ops,2025-12-12
713,45641.0,5,2392.0,Tech,2025-12-13
714,53193.0,4,1551.0,Tech,2025-12-14
715,49699.0,5,1617.0,Tech,2025-12-15
716,58826.0,7,1769.0,Ops,2025-12-16
717,50914.0,3,874.0,Ops,2025-12-17
718,51202.0,6,2168.0,Tech,2025-12-18
719,47091.0,7,1864.0,Finance,2025-12-19
720,49544.0,4,2485.0,HR,2025-12-20
721,52462.0,4,1451.0,HR,2025-12-21
722,36319.0,4,1690.0,HR,2025-12-22
723,39215.0,3,1247.0,Ops,2025-12-23
724,55946.0,4,1498.0,Ops,2025-12-24
725,51367.0,2,1409.0,HR,2025-12-25
726,48528.0,7,2498.0,HR,2025-12-26
727,50147.0,6,1651.0,Finance,2025-12-27
728,52781.0,7,2062.0,Ops,2025-12-28
729,45682.0,5,1810.0,Ops,2025-12-29
730,43774.0,4,1365.0,HR,2025-12-30
731,51567.0,5,1916.0,Finance,2025-12-31
732,42173.0,4,2300.0,Finance,2026-01-01
733,53266.0,7,1396.0,HR,2026-01-02
734,36379.0,5,2405.0,HR,2026-01-03
735,58233.0,6,1575.0,Ops,2026-01-04
736,53781.0,5,1759.0,HR,2026-01-05
737,52048.0,2,2265.0,Tech,2026-01-06
738,57862.0,4,1668.0,Finance,2026-01-07
739,63324.0,4,2019.0,HR,2026-01-08
740,58115.0,6,1843.0,Tech,2026-01-09
741,35273.0,11,2065.0,Finance,2026-01-10
742,39763.0,6,810.0,Tech,2026-01-11
743,45001.0,8,1085.0,Tech,2026-01-12
744,50209.0,5,2308.0,HR,2026-01-13
745,108282.0,18,12595.0,Finance,2026-01-14
746,44194.0,5,1545.0,Tech,2026-01-15
747,51494.0,1,1878.0,Ops,2026-01-16
748,43957.0,8,2147.0,Finance,2026-01-17
749,45108.0,6,2347.0,Ops,2026-01-18
750,38747.0,4,986.0,HR,2026-01-19
751,42614.0,7,1557.0,Ops,2026-01-20
752,39187.0,1,1834.0,Finance,2026-01-21
753,42193.0,7,2352.0,Tech,2026-01-22
754,58429.0,3,3249.0,Tech,2026-01-23
755,42405.0,9,1886.0,Finance,2026-01-24
756,71059.0,4,1297.0,Tech,2026-01-25
757,53947.0,2,2201.0,Ops,2026-01-26
758,51479.0,4,2660.0,Tech,2026-01-27
759,43133.0,6,2054.0,Tech,2026-01-28
760,55602.0,2,1547.0,Ops,2026-01-29
761,45395.0,1,2479.0,Ops,2026-01-30
762,50976.0,7,2332.0,Ops,2026-01-31
763,70481.0,7,1487.0,HR,2026-02-01
764,49232.0,6,2191.0,Ops,2026-02-02
765,59194.0,8,2499.0,Ops,2026-02-03
766,44375.0,7,2591.0,HR,2026-02-04
767,49720.0,5,1967.0,Tech,2026-02-05
768,64166.0,6,1821.0,Ops,2026-02-06
769,44984.0,6,2614.0,Finance,2026-02-07
770,64500.0,7,1395.0,Ops,2026-02-08
771,55662.0,6,2219.0,Ops,2026-02-09
772,45500.0,3,1315.0,HR,2026-02-10
773,55059.0,3,2533.0,Finance,2026-02-11
774,57780.0,1,1871.0,Tech,2026-02-12
775,54974.0,5,2634.0,Tech,2026-02-13
776,37438.0,3,2246.0,Finance,2026-02-14
777,44183.0,9,1388.0,Ops,2026-02-15
778,48020.0,8,2712.0,HR,2026-02-16
779,49405.0,4,2776.0,Finance,2026-02-17
780,54965.0,2,2441.0,Finance,2026-02-18
781,51422.0,3,1619.0,Tech,2026-02-19
782,39317.0,2,1847.0,HR,2026-02-20
783,53042.0,4,2073.0,Finance,2026-02-21
784,54885.0,4,1648.0,HR,2026-02-22
785,54478.0,5,2846.0,Ops,2026-02-23
786,58646.0,8,2072.0,Tech,2026-02-24
787,56671.0,6,648.0,Ops,2026-02-25
788,53673.0,3,2170.0,HR,2026-02-26
789,49439.0,5,1826.0,Ops,2026-02-27
790,36712.0,6,1963.0,Tech,2026-02-28
791,53437.0,3,1816.0,HR,2026-03-01
792,51662.0,8,2404.0,Finance,2026-03-02
793,52173.0,8,2560.0,Ops,2026-03-03
794,39786.0,5,2142.0,Tech,2026-03-04
795,41352.0,4,1830.0,Finance,2026-03-05
796,58425.0,2,1979.0,Tech,2026-03-06
797,49684.0,6,2010.0,HR,2026-03-07
798,55452.0,5,1599.0,HR,2026-03-08
799,50227.0,6,2289.0,Ops,2026-03-09
800,50238.0,7,2230.0,Tech,2026-03-10
801,115012.0,18,13850.0,Tech,2026-03-11
802,45872.0,9,2628.0,Tech,2026-03-12
803,101538.0,12,8285.0,HR,2026-03-13
804,46302.0,0,2410.0,Ops,2026-03-14
805,46524.0,6,1525.0,Tech,2026-03-15
806,47527.0,4,2348.0,Tech,2026-03-16
807,51777.0,6,1742.0,Finance,2026-03-17
808,46170.0,4,1488.0,Tech,2026-03-18
809,60046.0,5,2140.0,Ops,2026-03-19
810,42843.0,2,663.0,Finance,2026-03-20
811,48505.0,5,1125.0,Finance,2026-03-21
812,46482.0,4,1911.0,Finance,2026-03-22
813,61576.0,3,2041.0,HR,2026-03-23
814,51572.0,5,1815.0,Finance,2026-03-24
815,58255.0,3,1210.0,Tech,2026-03-25
816,38116.0,3,1591.0,HR,2026-03-26
817,52136.0,4,2196.0,HR,2026-03-27
818,57117.0,8,2291.0,HR,2026-03-28
819,50658.0,5,1992.0,HR,2026-03-29
820,58524.0,4,2578.0,HR,2026-03-30
821,45862.0,4,2199.0,HR,2026-03-31
822,61275.0,4,1626.0,HR,2026-04-01
823,136782.0,24,9300.0,Finance,2026-04-02
824,47097.0,7,1299.0,Ops,2026-04-03
825,46436.0,8,1946.0,Tech,2026-04-04
826,61627.0,7,2556.0,Tech,2026-04-05
827,62637.0,3,2343.0,Finance,2026-04-06
828,45817.0,6,2701.0,Finance,2026-04-07
829,46639.0,6,1849.0,HR,2026-04-08
830,47746.0,4,2673.0,Ops,2026-04-09
831,39244.0,6,1903.0,HR,2026-04-10
832,42651.0,9,2736.0,Finance,2026-04-11
833,41967.0,6,1989.0,HR,2026-04-12
834,43858.0,4,2354.0,Tech,2026-04-13
835,49723.0,6,2738.0,Tech,2026-04-14
836,51874.0,7,1903.0,HR,2026-04-15
837,62404.0,4,2109.0,Ops,2026-04-16
838,42013.0,3,2644.0,HR,2026-04-17
839,57875.0,4,1933.0,HR,2026-04-18
840,48288.0,5,1340.0,Ops,2026-04-19
841,49604.0,3,3072.0,Ops,2026-04-20
842,55399.0,5,1765.0,Ops,2026-04-21
843,41018.0,3,2079.0,Tech,2026-04-22
844,53059.0,5,2578.0,HR,2026-04-23
845,51332.0,5,1696.0,Finance,2026-04-24
846,53940.0,5,1496.0,Ops,2026-04-25
847,52313.0,6,2127.0,Ops,2026-04-26
848,69642.0,6,1103.0,HR,2026-04-27
849,44898.0,6,1856.0,Finance,2026-04-28
850,45752.0,5,2123.0,HR,2026-04-29
851,45015.0,7,1865.0,HR,2026-04-30
852,45556.0,3,1228.0,Ops,2026-05-01
853,44901.0,5,2797.0,Ops,2026-05-02
854,59512.0,7,2052.0,Tech,2026-05-03
855,61364.0,2,2716.0,Finance,2026-05-04
856,45434.0,8,1870.0,Finance,2026-05-05
857,43341.0,4,1560.0,Ops,2026-05-06
858,53771.0,2,2135.0,Ops,2026-05-07
859,45582.0,5,1892.0,Ops,2026-05-08
860,110126.0,30,7055.0,Finance,2026-05-09
861,51623.0,4,2735.0,Tech,2026-05-10
862,37874.0,6,1689.0,Finance,2026-05-11
863,62380.0,8,1080.0,Ops,2026-05-12
864,64367.0,4,2664.0,Ops,2026-05-13
865,45098.0,3,1748.0,Tech,2026-05-14
866,46898.0,6,1696.0,HR,2026-05-15
867,52287.0,4,1117.0,HR,2026-05-16
868,52676.0,2,2870.0,Finance,2026-05-17
869,55268.0,3,1355.0,HR,2026-05-18
870,66082.0,1,2029.0,HR,2026-05-19
871,48584.0,9,2456.0,Finance,2026-05-20
872,43614.0,5,2211.0,Ops,2026-05-21
873,38965.0,3,1970.0,HR,2026-05-22
874,44153.0,4,1149.0,Ops,2026-05-23
875,49735.0,3,1595.0,Finance,2026-05-24
876,64356.0,4,2094.0,Ops,2026-05-25
877,45859.0,6,1606.0,Ops,2026-05-26
878,51790.0,4,2102.0,Finance,2026-05-27
879,49869.0,2,2341.0,Ops,2026-05-28
880,59507.0,6,2481.0,HR,2026-05-29
881,70215.0,3,1387.0,HR,2026-05-30
882,45753.0,6,3098.0,HR,2026-05-31
883,46084.0,2,2384.0,HR,2026-06-01
884,58353.0,8,1999.0,Ops,2026-06-02
885,55455.0,3,2545.0,HR,2026-06-03
886,64774.0,6,3183.0,Ops,2026-06-04
887,54671.0,4,1281.0,Tech,2026-06-05
888,47126.0,5,1887.0,Ops,2026-06-06
889,54725.0,6,811.0,HR,2026-06-07
890,58870.0,1,2096.0,Tech,2026-06-08
891,56564.0,5,2183.0,Finance,2026-06-09
892,54058.0,7,1980.0,Ops,2026-06-10
893,58533.0,6,1673.0,HR,2026-06-11
894,59354.0,6,975.0,HR,2026-06-12
895,61057.0,7,2187.0,HR,2026-06-13
896,55190.0,4,2728.0,Finance,2026-06-14
897,48663.0,3,1704.0,Tech,2026-06-15
898,51174.0,8,2220.0,Tech,2026-06-16
899,59652.0,4,1216.0,HR,2026-06-17
900,43465.0,5,2229.0,Ops,2026-06-18
901,52949.0,5,1803.0,HR,2026-06-19
902,46853.0,3,1619.0,HR,2026-06-20
903,50230.0,9,1620.0,Ops,2026-06-21
904,60228.0,8,1803.0,HR,2026-06-22
905,51529.0,6,2191.0,Finance,2026-06-23
906,50371.0,3,1344.0,HR,2026-06-24
907,39121.0,5,1801.0,Finance,2026-06-25
908,55970.0,5,1979.0,HR,2026-06-26
909,55164.0,5,1450.0,Tech,2026-06-27
910,67306.0,3,2898.0,Ops,2026-06-28
911,47538.0,7,1573.0,Tech,2026-06-29
912,51753.0,3,1665.0,HR,2026-06-30
913,51995.0,0,1511.0,HR,2026-07-01
914,62620.0,6,2899.0,Finance,2026-07-02
915,49238.0,6,2276.0,HR,2026-07-03
916,52232.0,4,1532.0,HR,2026-07-04
917,54863.0,5,2553.0,HR,2026-07-05
918,51493.0,9,2100.0,Tech,2026-07-06
919,46429.0,5,2129.0,Finance,2026-07-07
920,51553.0,4,1828.0,Tech,2026-07-08
921,117178.0,18,8125.0,Finance,2026-07-09
922,41788.0,6,2169.0,Tech,2026-07-10
923,51064.0,2,1727.0,HR,2026-07-11
924,44399.0,6,2908.0,Tech,2026-07-12
925,59560.0,6,1365.0,Tech,2026-07-13
926,75630.0,36,13840.0,Finance,2026-07-14
927,91058.0,30,9720.0,Finance,2026-07-15
928,53018.0,3,2150.0,Tech,2026-07-16
929,62524.0,4,2417.0,Finance,2026-07-17
930,49474.0,4,1685.0,Finance,2026-07-18
931,45558.0,5,2432.0,Finance,2026-07-19
932,65049.0,4,646.0,Ops,2026-07-20
933,38416.0,4,1640.0,Finance,2026-07-21
934,32410.0,5,1538.0,Ops,2026-07-22
935,53520.0,5,1373.0,Ops,2026-07-23
936,45984.0,5,1893.0,Finance,2026-07-24
937,41830.0,7,2193.0,Tech,2026-07-25
938,55667.0,3,2351.0,Finance,2026-07-26
939,51950.0,2,2120.0,HR,2026-07-27
940,45487.0,4,1667.0,Tech,2026-07-28
941,39758.0,4,2185.0,Ops,2026-07-29
942,56980.0,6,2062.0,Ops,2026-07-30
943,55202.0,3,2468.0,Tech,2026-07-31
944,49207.0,5,2388.0,Tech,2026-08-01
945,64773.0,5,2015.0,Finance,2026-08-02
946,41439.0,5,1551.0,Ops,2026-08-03
947,37796.0,5,1674.0,HR,2026-08-04
948,44465.0,3,1725.0,Finance,2026-08-05
949,49635.0,10,1842.0,Tech,2026-08-06
950,51947.0,5,2134.0,Ops,2026-08-07
951,48070.0,4,2358.0,Tech,2026-08-08
952,52816.0,4,1974.0,Tech,2026-08-09
953,39988.0,7,2008.0,Tech,2026-08-10
954,61550.0,3,2072.0,Finance,2026-08-11
955,49343.0,6,1742.0,HR,2026-08-12
956,58938.0,2,1537.0,HR,2026-08-13
957,52742.0,4,1122.0,Ops,2026-08-14
958,53654.0,4,1652.0,Tech,2026-08-15
959,54558.0,4,2237.0,HR,2026-08-16
960,53582.0,8,1649.0,Tech,2026-08-17
961,55142.0,5,1881.0,Ops,2026-08-18
962,60633.0,8,2233.0,Tech,2026-08-19
963,51572.0,5,2260.0,HR,2026-08-20
964,55672.0,7,1460.0,Tech,2026-08-21
965,49282.0,8,2499.0,HR,2026-08-22
966,61521.0,3,2564.0,Ops,2026-08-23
967,44589.0,4,1435.0,Tech,2026-08-24
968,64408.0,6,1588.0,HR,2026-08-25
969,49679.0,4,2596.0,Ops,2026-08-26
970,38554.0,4,1927.0,Tech,2026-08-27
971,51025.0,6,890.0,Ops,2026-08-28
972,44552.0,2,1300.0,HR,2026-08-29
973,56725.0,4,1875.0,Tech,2026-08-30
974,44779.0,2,1418.0,Tech,2026-08-31
975,46431.0,8,1793.0,Tech,2026-09-01
976,34884.0,7,2016.0,Ops,2026-09-02
977,46382.0,2,2731.0,Ops,2026-09-03
978,30609.0,5,1855.0,HR,2026-09-04
979,37329.0,6,2536.0,Finance,2026-09-05
980,56083.0,7,2714.0,Tech,2026-09-06
981,56286.0,7,2717.0,Tech,2026-09-07
982,53404.0,7,2142.0,HR,2026-09-08
983,42264.0,6,1018.0,Tech,2026-09-09
984,49618.0,5,2230.0,Ops,2026-09-10
985,49971.0,5,2524.0,Ops,2026-09-11
986,40733.0,8,1959.0,Tech,2026-09-12
987,62027.0,7,2872.0,Tech,2026-09-13
988,114038.0,24,12150.0,Ops,2026-09-14
989,48232.0,5,2284.0,Tech,2026-09-15
990,50215.0,8,2543.0,Ops,2026-09-16
991,51667.0,5,2167.0,Finance,2026-09-17
992,33666.0,2,754.0,Finance,2026-09-18
993,48023.0,3,1750.0,Tech,2026-09-19
994,44544.0,7,2599.0,Tech,2026-09-20
995,83974.0,18,7980.0,Tech,2026-09-21
996,47751.0,8,1888.0,Ops,2026-09-22
997,64381.0,1,1478.0,Finance,2026-09-23
998,55127.0,5,2892.0,Finance,2026-09-24
999,45431.0,3,2841.0,HR,2026-09-25
1000,109162.0,30,7790.0,HR,2026-09-26
